SampleDate,N/PMMoV,City,positives,Testing,NormalizedConc_crude,NormalizedConc,positives_crude
2021-09-09,0.00010133333333333333,Davis,15.0,1983.0,0.00010133333333333333,0.00010133333333333333,15.0
2021-09-10,0.0,Davis,3.0,2276.0,0.0,0.0,3.0
2021-09-11,0.00016166666666666665,Davis,5.0,1574.0,0.00016166666666666665,0.00016166666666666665,5.0
2021-09-12,0.0,Davis,4.0,803.0,0.0,0.0,4.0
2021-09-13,0.0,Davis,5.0,1131.0,0.0,0.0,5.0
2021-09-14,0.0,Davis,9.0,1710.0,0.0,0.0,9.0
2021-09-15,0.0,Davis,8.0,2045.0,0.0,0.0,8.0
2021-09-16,,Davis,3.0,1587.0,,0.0,3.0
2021-09-17,,Davis,6.0,1767.0,,0.0,6.0
2021-09-18,,Davis,6.0,1846.0,,0.0,6.0
2021-09-19,,Davis,8.0,1046.0,,0.0,8.0
2021-09-20,,Davis,5.0,1091.0,,0.0,5.0
2021-09-21,,Davis,9.0,1913.0,,0.0,9.0
2021-09-22,,Davis,7.0,2141.0,,0.0,7.0
2021-09-23,,Davis,5.0,1267.0,,0.0,5.0
2021-09-24,,Davis,14.0,2319.0,,0.0,14.0
2021-09-25,,Davis,3.0,1431.0,,0.0,3.0
2021-09-26,,Davis,4.0,849.0,,0.0,4.0
2021-09-27,,Davis,4.0,1026.0,,0.0,4.0
2021-09-28,,Davis,8.0,1564.0,,0.0,8.0
2021-09-29,,Davis,9.0,2326.0,,0.0,9.0
2021-09-30,,Davis,0.0,1127.0,,0.0,0.0
2021-10-01,,Davis,11.0,2525.0,,0.0,11.0
2021-10-02,,Davis,3.0,1392.0,,0.0,3.0
2021-10-03,,Davis,7.0,724.0,,0.0,7.0
2021-10-04,,Davis,6.0,500.0,,0.0,6.0
2021-10-05,,Davis,7.0,2374.0,,0.0,7.0
2021-10-06,,Davis,6.0,2062.0,,0.0,6.0
2021-10-07,0.0,Davis,4.0,1475.0,0.0,0.0,4.0
2021-10-08,0.0,Davis,3.0,1794.0,0.0,0.0,3.0
2021-10-09,0.0,Davis,1.0,1506.0,0.0,0.0,1.0
2021-10-10,0.0,Davis,1.0,625.0,0.0,0.0,1.0
2021-10-11,0.0,Davis,4.0,934.0,0.0,0.0,4.0
2021-10-12,0.0,Davis,7.0,1422.0,0.0,0.0,7.0
2021-10-13,0.0,Davis,7.0,2024.0,0.0,0.0,7.0
2021-10-14,0.0,Davis,3.0,1630.0,0.0,0.0,3.0
2021-10-15,0.0,Davis,6.0,2434.0,0.0,0.0,6.0
2021-10-16,0.0,Davis,2.0,1267.0,0.0,0.0,2.0
2021-10-17,0.0,Davis,3.0,335.0,0.0,0.0,3.0
2021-10-18,0.0,Davis,3.0,952.0,0.0,0.0,3.0
2021-10-19,0.0,Davis,4.0,1062.0,0.0,0.0,4.0
2021-10-20,0.0,Davis,8.0,2417.0,0.0,0.0,8.0
2021-10-21,0.0,Davis,10.0,1571.0,0.0,0.0,10.0
2021-10-22,0.0,Davis,9.0,2160.0,0.0,0.0,9.0
2021-10-23,0.0,Davis,3.0,1276.0,0.0,0.0,3.0
2021-10-24,0.0,Davis,7.0,499.0,0.0,0.0,7.0
2021-10-25,0.0,Davis,4.0,1027.0,0.0,0.0,4.0
2021-10-26,0.001177,Davis,6.0,1778.0,0.001177,0.001177,6.0
2021-10-27,0.0,Davis,11.0,2185.0,0.0,0.0,11.0
2021-10-28,0.0,Davis,2.0,1467.0,0.0,0.0,2.0
2021-10-29,0.0,Davis,8.0,1749.0,0.0,0.0,8.0
2021-10-30,0.0,Davis,3.0,1309.0,0.0,0.0,3.0
2021-10-31,0.0,Davis,0.0,407.0,0.0,0.0,0.0
2021-11-01,0.001376,Davis,7.0,1108.0,0.001376,0.001376,7.0
2021-11-02,0.0,Davis,0.0,1643.0,0.0,0.0,0.0
2021-11-03,0.0,Davis,6.0,2102.0,0.0,0.0,6.0
2021-11-04,0.0,Davis,3.0,1473.0,0.0,0.0,3.0
2021-11-05,0.0008806666666666668,Davis,6.0,1782.0,0.0008806666666666668,0.0008806666666666668,6.0
2021-11-06,0.0,Davis,1.0,1173.0,0.0,0.0,1.0
2021-11-07,0.0,Davis,2.0,735.0,0.0,0.0,2.0
2021-11-08,0.0,Davis,1.0,290.0,0.0,0.0,1.0
2021-11-09,0.0,Davis,3.0,2409.0,0.0,0.0,3.0
2021-11-10,0.0,Davis,6.0,2317.0,0.0,0.0,6.0
2021-11-11,0.0,Davis,0.0,219.0,0.0,0.0,0.0
2021-11-12,0.00010499999999999999,Davis,1.0,1738.0,0.00010499999999999999,0.00010499999999999999,1.0
2021-11-13,0.0,Davis,1.0,1100.0,0.0,0.0,1.0
2021-11-14,0.0,Davis,1.0,583.0,0.0,0.0,1.0
2021-11-15,0.00027233333333333336,Davis,3.0,1022.0,0.00027233333333333336,0.00027233333333333336,3.0
2021-11-16,0.00010766666666666666,Davis,5.0,1666.0,0.00010766666666666666,0.00010766666666666666,5.0
2021-11-17,0.0,Davis,2.0,1604.0,0.0,0.0,2.0
2021-11-18,0.0,Davis,3.0,1312.0,0.0,0.0,3.0
2021-11-19,0.00048533333333333333,Davis,3.0,1739.0,0.00048533333333333333,0.00048533333333333333,3.0
2021-11-20,0.0,Davis,1.0,1232.0,0.0,0.0,1.0
2021-11-21,0.0,Davis,3.0,576.0,0.0,0.0,3.0
2021-11-22,0.0,Davis,4.0,720.0,0.0,0.0,4.0
2021-11-23,0.0,Davis,4.0,1520.0,0.0,0.0,4.0
2021-11-24,0.0,Davis,7.0,1365.0,0.0,0.0,7.0
2021-11-25,0.00014950913190000002,Davis,0.0,,0.00014950913190000002,0.00014950913190000002,0.0
2021-11-26,8.857582763333332e-05,Davis,1.0,53.0,8.857582763333332e-05,8.857582763333332e-05,1.0
2021-11-27,6.484921839999999e-05,Davis,6.0,845.0,6.484921839999999e-05,6.484921839999999e-05,6.0
2021-11-28,7.650292723333333e-05,Davis,4.0,783.0,7.650292723333333e-05,7.650292723333333e-05,4.0
2021-11-29,8.811704966666666e-05,Davis,11.0,974.0,8.811704966666666e-05,8.811704966666666e-05,11.0
2021-11-30,3.20236675e-05,Davis,2.0,2048.0,3.20236675e-05,3.20236675e-05,2.0
2021-12-01,5.420322333333333e-05,Davis,3.0,945.0,5.420322333333333e-05,5.420322333333333e-05,3.0
2021-12-02,0.00016802206533333335,Davis,8.0,2054.0,0.00016802206533333335,0.00016802206533333335,8.0
2021-12-03,0.00015357933476666666,Davis,6.0,1226.0,0.00015357933476666666,0.00015357933476666666,6.0
2021-12-04,9.928323746666667e-05,Davis,5.0,2001.0,9.928323746666667e-05,9.928323746666667e-05,5.0
2021-12-05,7.468462793333333e-05,Davis,1.0,457.0,7.468462793333333e-05,7.468462793333333e-05,1.0
2021-12-06,0.0,Davis,1.0,712.0,0.0,0.0,1.0
2021-12-07,3.72016611e-05,Davis,3.0,1651.0,3.72016611e-05,3.72016611e-05,3.0
2021-12-08,0.0003122647575666667,Davis,7.0,2215.0,0.0003122647575666667,0.0003122647575666667,7.0
2021-12-09,9.3694984993639e-05,Davis,3.0,1461.0,9.3694984993639e-05,9.3694984993639e-05,3.0
2021-12-10,0.0002833774171048997,Davis,1.0,1652.0,0.0002833774171048997,0.0002833774171048997,1.0
2021-12-11,3.1276288244315335e-05,Davis,1.0,1179.0,3.1276288244315335e-05,3.1276288244315335e-05,1.0
2021-12-12,0.00017910117540878066,Davis,3.0,518.0,0.00017910117540878066,0.00017910117540878066,3.0
2021-12-13,7.404056720691001e-05,Davis,2.0,897.0,7.404056720691001e-05,7.404056720691001e-05,2.0
2021-12-14,0.00010268440771890301,Davis,6.0,1783.0,0.00010268440771890301,0.00010268440771890301,6.0
2021-12-15,9.636293946560933e-05,Davis,5.0,1641.0,9.636293946560933e-05,9.636293946560933e-05,5.0
2021-12-16,0.00012775076223333335,Davis,9.0,1665.0,0.00012775076223333335,0.00012775076223333335,9.0
2021-12-17,0.00015267283463333333,Davis,6.0,2130.0,0.00015267283463333333,0.00015267283463333333,6.0
2021-12-18,9.125586636666667e-05,Davis,6.0,1317.0,9.125586636666667e-05,9.125586636666667e-05,6.0
2021-12-19,0.00012262638866666667,Davis,16.0,988.0,0.00012262638866666667,0.00012262638866666667,16.0
2021-12-20,0.0002803644522,Davis,24.0,1256.0,0.0002803644522,0.0002803644522,24.0
2021-12-21,0.0010998317406666668,Davis,29.0,1703.0,0.0010998317406666668,0.0010998317406666668,29.0
2021-12-22,0.001512402631,Davis,31.0,2207.0,0.001512402631,0.001512402631,31.0
2021-12-23,0.00053077334,Davis,45.0,3694.0,0.00053077334,0.00053077334,45.0
2021-12-24,0.0008374282556666666,Davis,0.0,,0.0008374282556666666,0.0008374282556666666,0.0
2021-12-25,0.001233935544,Davis,0.0,,0.001233935544,0.001233935544,0.0
2021-12-26,0.0009109104003333333,Davis,0.0,5.0,0.0009109104003333333,0.0009109104003333333,0.0
2021-12-27,0.0008184587156666668,Davis,36.0,751.0,0.0008184587156666668,0.0008184587156666668,36.0
2021-12-28,0.0010064414026666668,Davis,129.0,3472.0,0.0010064414026666668,0.0010064414026666668,129.0
2021-12-29,0.0009471423993333333,Davis,39.0,766.0,0.0009471423993333333,0.0009471423993333333,39.0
2021-12-30,0.001191437066,Davis,175.0,5487.0,0.001191437066,0.001191437066,175.0
2021-12-31,0.0012074964886666666,Davis,0.0,,0.0012074964886666666,0.0012074964886666666,0.0
2022-01-01,0.001014752508,Davis,0.0,13.0,0.001014752508,0.001014752508,0.0
2022-01-02,0.0018790277149999999,Davis,71.0,1078.0,0.0018790277149999999,0.0018790277149999999,71.0
2022-01-03,0.002675312393,Davis,115.0,1492.0,0.002675312393,0.002675312393,115.0
2022-01-04,0.0024247533009999996,Davis,239.0,3507.0,0.0024247533009999996,0.0024247533009999996,239.0
2022-01-05,0.0033437032366666667,Davis,170.0,3132.0,0.0033437032366666667,0.0033437032366666667,170.0
2022-01-06,0.0033519000366666663,Davis,149.0,2715.0,0.0033519000366666663,0.0033519000366666663,149.0
2022-01-07,0.002956790371,Davis,123.0,2816.0,0.002956790371,0.002956790371,123.0
2022-01-08,0.0019276535920000001,Davis,111.0,2620.0,0.0019276535920000001,0.0019276535920000001,111.0
2022-01-09,0.001925906134,Davis,86.0,1377.0,0.001925906134,0.001925906134,86.0
2022-01-10,0.0018617717003333333,Davis,74.0,1936.0,0.0018617717003333333,0.0018617717003333333,74.0
2022-01-11,0.0015785551483333334,Davis,66.0,1516.0,0.0015785551483333334,0.0015785551483333334,66.0
2022-01-12,0.0013695576580000002,Davis,181.0,3499.0,0.0013695576580000002,0.0013695576580000002,181.0
2022-01-13,0.0001897727033,Davis,91.0,2878.0,0.0001897727033,0.0001897727033,91.0
2022-01-14,0.0005933377413333334,Davis,81.0,2643.0,0.0005933377413333334,0.0005933377413333334,81.0
2022-01-15,0.0008214678133333333,Davis,54.0,1996.0,0.0008214678133333333,0.0008214678133333333,54.0
2022-01-16,0.0007233432470000001,Davis,41.0,1002.0,0.0007233432470000001,0.0007233432470000001,41.0
2022-01-17,0.000919677054,Davis,30.0,1000.0,0.000919677054,0.000919677054,30.0
2022-01-18,0.00048031525433333335,Davis,81.0,1591.0,0.00048031525433333335,0.00048031525433333335,81.0
2022-01-19,0.00031900948193333334,Davis,94.0,2509.0,0.00031900948193333334,0.00031900948193333334,94.0
2022-01-20,0.001201294329,Davis,80.0,3050.0,0.001201294329,0.001201294329,80.0
2022-01-21,0.0014374544780000002,Davis,43.0,1860.0,0.0014374544780000002,0.0014374544780000002,43.0
2022-01-22,0.001190946165,Davis,69.0,3005.0,0.001190946165,0.001190946165,69.0
2022-01-23,0.0013411920506666666,Davis,36.0,919.0,0.0013411920506666666,0.0013411920506666666,36.0
2022-01-24,0.0009183949033333334,Davis,24.0,888.0,0.0009183949033333334,0.0009183949033333334,24.0
2022-01-25,0.0010257829166666667,Davis,66.0,1928.0,0.0010257829166666667,0.0010257829166666667,66.0
2022-01-26,0.0009013316613333333,Davis,36.0,2483.0,0.0009013316613333333,0.0009013316613333333,36.0
2022-01-27,0.0007651606109999999,Davis,51.0,2589.0,0.0007651606109999999,0.0007651606109999999,51.0
2022-01-28,0.0007125778949999999,Davis,23.0,1896.0,0.0007125778949999999,0.0007125778949999999,23.0
2022-01-29,0.0006053041056666667,Davis,33.0,1802.0,0.0006053041056666667,0.0006053041056666667,33.0
2022-01-30,0.00057267699,Davis,26.0,754.0,0.00057267699,0.00057267699,26.0
2022-01-31,0.000495861734,Davis,23.0,939.0,0.000495861734,0.000495861734,23.0
2022-02-01,0.0004863019876666666,Davis,26.0,1753.0,0.0004863019876666666,0.0004863019876666666,26.0
2022-02-02,0.0004865181073333333,Davis,19.0,1479.0,0.0004865181073333333,0.0004865181073333333,19.0
2022-02-03,0.00043592729766666667,Davis,22.0,2301.0,0.00043592729766666667,0.00043592729766666667,22.0
2022-02-04,0.000448231673,Davis,18.0,2043.0,0.000448231673,0.000448231673,18.0
2022-02-05,0.00039963398933333334,Davis,25.0,1499.0,0.00039963398933333334,0.00039963398933333334,25.0
2022-02-06,0.0006411591926666667,Davis,24.0,496.0,0.0006411591926666667,0.0006411591926666667,24.0
2022-02-07,0.0003506208456666667,Davis,11.0,792.0,0.0003506208456666667,0.0003506208456666667,11.0
2022-02-08,0.00031851747086666666,Davis,11.0,776.0,0.00031851747086666666,0.00031851747086666666,11.0
2022-02-09,0.0005310209076666666,Davis,32.0,2043.0,0.0005310209076666666,0.0005310209076666666,32.0
2022-02-10,0.00039454022299999995,Davis,11.0,1559.0,0.00039454022299999995,0.00039454022299999995,11.0
2022-02-11,0.0007157612906666666,Davis,22.0,1980.0,0.0007157612906666666,0.0007157612906666666,22.0
2022-02-12,0.00012458542743333333,Davis,8.0,1420.0,0.00012458542743333333,0.00012458542743333333,8.0
2022-02-13,0.0003043879544,Davis,8.0,851.0,0.0003043879544,0.0003043879544,8.0
2022-02-14,0.000557302865,Davis,5.0,305.0,0.000557302865,0.000557302865,5.0
2022-02-15,0.0002199022615,Davis,7.0,319.0,0.0002199022615,0.0002199022615,7.0
2022-02-16,0.0004554590786666666,Davis,11.0,1634.0,0.0004554590786666666,0.0004554590786666666,11.0
2022-02-17,0.00033566923966666664,Davis,23.0,2304.0,0.00033566923966666664,0.00033566923966666664,23.0
2022-02-18,0.00023010623200000002,Davis,9.0,1782.0,0.00023010623200000002,0.00023010623200000002,9.0
2022-02-19,0.00026892539003333337,Davis,1.0,943.0,0.00026892539003333337,0.00026892539003333337,1.0
2022-02-20,0.000245663079,Davis,11.0,1186.0,0.000245663079,0.000245663079,11.0
2022-02-21,0.00020340032819999998,Davis,0.0,2.0,0.00020340032819999998,0.00020340032819999998,0.0
2022-02-22,0.00016894619693333333,Davis,5.0,664.0,0.00016894619693333333,0.00016894619693333333,5.0
2022-02-23,0.00011377779673333334,Davis,9.0,1364.0,0.00011377779673333334,0.00011377779673333334,9.0
2022-02-24,0.00038452873133333333,Davis,6.0,734.0,0.00038452873133333333,0.00038452873133333333,6.0
2022-02-25,0.00021693840463333334,Davis,8.0,2250.0,0.00021693840463333334,0.00021693840463333334,8.0
2022-02-26,0.0001435913918,Davis,4.0,1724.0,0.0001435913918,0.0001435913918,4.0
2022-02-27,0.0001769481482,Davis,11.0,688.0,0.0001769481482,0.0001769481482,11.0
2022-02-28,0.00019168404600000002,Davis,4.0,190.0,0.00019168404600000002,0.00019168404600000002,4.0
2022-03-01,7.753183776666667e-05,Davis,4.0,1548.0,7.753183776666667e-05,7.753183776666667e-05,4.0
2022-03-02,0.00015708071386666666,Davis,8.0,1121.0,0.00015708071386666666,0.00015708071386666666,8.0
2022-03-03,0.00010802616263333334,Davis,8.0,1631.0,0.00010802616263333334,0.00010802616263333334,8.0
2022-03-04,0.00016118867943333331,Davis,6.0,1298.0,0.00016118867943333331,0.00016118867943333331,6.0
2022-03-05,4.489896413333333e-05,Davis,6.0,1094.0,4.489896413333333e-05,4.489896413333333e-05,6.0
2022-03-06,0.00016345093893333333,Davis,2.0,321.0,0.00016345093893333333,0.00016345093893333333,2.0
2022-03-07,9.520497506666666e-05,Davis,4.0,466.0,9.520497506666666e-05,9.520497506666666e-05,4.0
2022-03-08,0.0001505517829,Davis,7.0,1153.0,0.0001505517829,0.0001505517829,7.0
2022-03-09,0.00012912546366666667,Davis,5.0,1348.0,0.00012912546366666667,0.00012912546366666667,5.0
2022-03-10,0.00010540746236666667,Davis,8.0,1383.0,0.00010540746236666667,0.00010540746236666667,8.0
2022-03-11,2.6177868966666666e-05,Davis,3.0,1025.0,2.6177868966666666e-05,2.6177868966666666e-05,3.0
2022-03-12,5.5335027966666666e-05,Davis,0.0,1003.0,5.5335027966666666e-05,5.5335027966666666e-05,0.0
2022-03-13,6.827681056666667e-05,Davis,2.0,297.0,6.827681056666667e-05,6.827681056666667e-05,2.0
2022-03-14,0.0001980234076,Davis,2.0,566.0,0.0001980234076,0.0001980234076,2.0
2022-03-15,0.00011506681580000001,Davis,6.0,934.0,0.00011506681580000001,0.00011506681580000001,6.0
2022-03-16,0.00011715311516666667,Davis,2.0,1379.0,0.00011715311516666667,0.00011715311516666667,2.0
2022-03-17,0.00014359558096666667,Davis,7.0,1423.0,0.00014359558096666667,0.00014359558096666667,7.0
2022-03-18,8.061645873333334e-05,Davis,3.0,1153.0,8.061645873333334e-05,8.061645873333334e-05,3.0
2022-03-19,7.325059793333333e-05,Davis,5.0,910.0,7.325059793333333e-05,7.325059793333333e-05,5.0
2022-03-20,8.557409300000001e-05,Davis,0.0,81.0,8.557409300000001e-05,8.557409300000001e-05,0.0
2022-03-21,0.0001342883668,Davis,3.0,317.0,0.0001342883668,0.0001342883668,3.0
2022-03-22,0.00021420548553333332,Davis,2.0,296.0,0.00021420548553333332,0.00021420548553333332,2.0
2022-03-23,0.00010254192673333334,Davis,6.0,572.0,0.00010254192673333334,0.00010254192673333334,6.0
2022-03-24,0.00015632914346666666,Davis,5.0,695.0,0.00015632914346666666,0.00015632914346666666,5.0
2022-03-25,0.00016924171836666665,Davis,0.0,,0.00016924171836666665,0.00016924171836666665,0.0
2022-03-26,0.00012890295736666668,Davis,5.0,395.0,0.00012890295736666668,0.00012890295736666668,5.0
2022-03-27,0.0002907352939333334,Davis,4.0,575.0,0.0002907352939333334,0.0002907352939333334,4.0
2022-03-28,0.00019936919893333332,Davis,3.0,444.0,0.00019936919893333332,0.00019936919893333332,3.0
2022-03-29,0.00013121870179999998,Davis,5.0,1063.0,0.00013121870179999998,0.00013121870179999998,5.0
2022-03-30,8.301365526666666e-05,Davis,3.0,1278.0,8.301365526666666e-05,8.301365526666666e-05,3.0
2022-03-31,0.0005047553319999999,Davis,6.0,944.0,0.0005047553319999999,0.0005047553319999999,6.0
2022-04-01,,Davis,2.0,1375.0,,0.0004615402977904761,2.0
2022-04-02,,Davis,4.0,885.0,,0.00041832526358095236,4.0
2022-04-03,,Davis,4.0,272.0,,0.00037511022937142854,4.0
2022-04-04,,Davis,3.0,528.0,,0.0003318951951619048,3.0
2022-04-05,,Davis,5.0,971.0,,0.00028868016095238096,5.0
2022-04-06,,Davis,0.0,1153.0,,0.00024546512674285714,0.0
2022-04-07,0.00020225009253333335,Davis,9.0,1063.0,0.00020225009253333335,0.00020225009253333335,9.0
2022-04-08,0.00017695205586666668,Davis,6.0,1286.0,0.00017695205586666668,0.00017695205586666668,6.0
2022-04-09,0.00017257065643333332,Davis,6.0,1103.0,0.00017257065643333332,0.00017257065643333332,6.0
2022-04-10,0.00028412753423333336,Davis,11.0,262.0,0.00028412753423333336,0.00028412753423333336,11.0
2022-04-11,7.42317757e-05,Davis,4.0,607.0,7.42317757e-05,7.42317757e-05,4.0
2022-04-12,0.0003252372647666667,Davis,5.0,1003.0,0.0003252372647666667,0.0003252372647666667,5.0
2022-04-13,0.00036547732733333336,Davis,9.0,1358.0,0.00036547732733333336,0.00036547732733333336,9.0
2022-04-14,0.0010748471766666666,Davis,8.0,1085.0,0.0010748471766666666,0.0010748471766666666,8.0
2022-04-15,0.0007320357690000001,Davis,8.0,1299.0,0.0007320357690000001,0.0007320357690000001,8.0
2022-04-16,0.0006718122946666666,Davis,10.0,1187.0,0.0006718122946666666,0.0006718122946666666,10.0
2022-04-17,0.00044751871733333335,Davis,0.0,,0.00044751871733333335,0.00044751871733333335,0.0
2022-04-18,0.00044746807233333335,Davis,8.0,526.0,0.00044746807233333335,0.00044746807233333335,8.0
2022-04-19,0.0007818450836666667,Davis,13.0,611.0,0.0007818450836666667,0.0007818450836666667,13.0
2022-04-20,0.0009857300516666666,Davis,27.0,1693.0,0.0009857300516666666,0.0009857300516666666,27.0
2022-04-21,0.00010560972903333333,Davis,6.0,1083.0,0.00010560972903333333,0.00010560972903333333,6.0
2022-04-22,7.076401846666666e-05,Davis,13.0,1176.0,7.076401846666666e-05,7.076401846666666e-05,13.0
2022-04-23,0.00019327881063333334,Davis,11.0,1161.0,0.00019327881063333334,0.00019327881063333334,11.0
2022-04-24,0.00020978288143333332,Davis,9.0,253.0,0.00020978288143333332,0.00020978288143333332,9.0
2022-04-25,6.528549843333334e-05,Davis,9.0,516.0,6.528549843333334e-05,6.528549843333334e-05,9.0
2022-04-26,0.0001144576105,Davis,8.0,1081.0,0.0001144576105,0.0001144576105,8.0
2022-04-27,0.0001281450424,Davis,14.0,1298.0,0.0001281450424,0.0001281450424,14.0
2022-04-28,0.00040366916333333335,Davis,13.0,1187.0,0.00040366916333333335,0.00040366916333333335,13.0
2022-04-29,0.0005198414013333334,Davis,17.0,1322.0,0.0005198414013333334,0.0005198414013333334,17.0
2022-04-30,0.0002106313908,Davis,13.0,1021.0,0.0002106313908,0.0002106313908,13.0
2022-05-01,0.00019819582256666666,Davis,5.0,151.0,0.00019819582256666666,0.00019819582256666666,5.0
2022-05-02,0.00024587583016666664,Davis,9.0,431.0,0.00024587583016666664,0.00024587583016666664,9.0
2022-05-03,0.00036194670433333334,Davis,14.0,1087.0,0.00036194670433333334,0.00036194670433333334,14.0
2022-05-04,0.0004702141906666667,Davis,17.0,1225.0,0.0004702141906666667,0.0004702141906666667,17.0
2022-05-05,0.000336753175,Davis,17.0,1048.0,0.000336753175,0.000336753175,17.0
2022-05-06,0.00033475859499999995,Davis,14.0,1097.0,0.00033475859499999995,0.00033475859499999995,14.0
2022-05-07,0.0018075159583333333,Davis,15.0,1366.0,0.0018075159583333333,0.0018075159583333333,15.0
2022-05-08,0.0010234739503333333,Davis,6.0,167.0,0.0010234739503333333,0.0010234739503333333,6.0
2022-05-09,0.0015122928556666668,Davis,4.0,424.0,0.0015122928556666668,0.0015122928556666668,4.0
2022-05-10,0.0007217021696666666,Davis,6.0,680.0,0.0007217021696666666,0.0007217021696666666,6.0
2022-05-11,0.00134557535,Davis,44.0,1711.0,0.00134557535,0.00134557535,44.0
2022-05-12,0.001604179856,Davis,32.0,1371.0,0.001604179856,0.001604179856,32.0
2022-05-13,0.0015886148346666666,Davis,24.0,1338.0,0.0015886148346666666,0.0015886148346666666,24.0
2022-05-14,0.002497110478,Davis,30.0,1432.0,0.002497110478,0.002497110478,30.0
2022-05-15,0.0018655707023333332,Davis,5.0,245.0,0.0018655707023333332,0.0018655707023333332,5.0
2022-05-16,0.002000479517666667,Davis,7.0,408.0,0.002000479517666667,0.002000479517666667,7.0
2022-05-17,0.0017044811433333334,Davis,26.0,1140.0,0.0017044811433333334,0.0017044811433333334,26.0
2022-05-18,0.0014589657326666667,Davis,48.0,1528.0,0.0014589657326666667,0.0014589657326666667,48.0
2022-05-19,0.001445216821,Davis,31.0,1309.0,0.001445216821,0.001445216821,31.0
2022-05-20,0.0015431124706666668,Davis,19.0,1404.0,0.0015431124706666668,0.0015431124706666668,19.0
2022-05-21,0.0016505785516666668,Davis,22.0,1100.0,0.0016505785516666668,0.0016505785516666668,22.0
2022-05-22,0.0016930890053333334,Davis,17.0,447.0,0.0016930890053333334,0.0016930890053333334,17.0
2022-05-23,0.0013164774963333333,Davis,11.0,409.0,0.0013164774963333333,0.0013164774963333333,11.0
2022-05-24,0.0012488062613333333,Davis,18.0,1058.0,0.0012488062613333333,0.0012488062613333333,18.0
2022-05-25,0.0020502013213333334,Davis,40.0,1252.0,0.0020502013213333334,0.0020502013213333334,40.0
2022-05-26,0.0025417516063333334,Davis,25.0,1183.0,0.0025417516063333334,0.0025417516063333334,25.0
2022-05-27,0.0022594469046666667,Davis,24.0,1430.0,0.0022594469046666667,0.0022594469046666667,24.0
2022-05-28,0.0016201926116666667,Davis,33.0,1257.0,0.0016201926116666667,0.0016201926116666667,33.0
2022-05-29,0.0015268892756666666,Davis,16.0,244.0,0.0015268892756666666,0.0015268892756666666,16.0
2022-05-30,0.0017689361323333333,Davis,0.0,4.0,0.0017689361323333333,0.0017689361323333333,0.0
2022-05-31,0.0020547955650000002,Davis,21.0,722.0,0.0020547955650000002,0.0020547955650000002,21.0
2022-06-01,0.0018267245793333333,Davis,52.0,1584.0,0.0018267245793333333,0.0018267245793333333,52.0
2022-06-02,0.002129136384333333,Davis,17.0,872.0,0.002129136384333333,0.002129136384333333,17.0
2022-06-03,0.0030463056106666666,Davis,20.0,1401.0,0.0030463056106666666,0.0030463056106666666,20.0
2022-06-04,0.001677401267,Davis,23.0,1144.0,0.001677401267,0.001677401267,23.0
2022-06-05,0.0012298008113333333,Davis,9.0,326.0,0.0012298008113333333,0.0012298008113333333,9.0
2022-06-06,0.0009578946303333333,Davis,10.0,416.0,0.0009578946303333333,0.0009578946303333333,10.0
2022-06-07,0.0013553459436666667,Davis,11.0,762.0,0.0013553459436666667,0.0013553459436666667,11.0
2022-06-08,0.0017061867176666667,Davis,60.0,1395.0,0.0017061867176666667,0.0017061867176666667,60.0
2022-06-09,0.0015522978870000002,Davis,27.0,785.0,0.0015522978870000002,0.0015522978870000002,27.0
2022-06-10,0.001746261303,Davis,10.0,742.0,0.001746261303,0.001746261303,10.0
2022-06-11,0.002330579766,Davis,36.0,641.0,0.002330579766,0.002330579766,36.0
2022-06-12,0.0017837235426666667,Davis,10.0,111.0,0.0017837235426666667,0.0017837235426666667,10.0
2022-06-13,0.0016159054226666666,Davis,5.0,225.0,0.0016159054226666666,0.0016159054226666666,5.0
2022-06-14,0.0020198183766666667,Davis,25.0,450.0,0.0020198183766666667,0.0020198183766666667,25.0
2022-06-15,0.0019400800746666666,Davis,29.0,655.0,0.0019400800746666666,0.0019400800746666666,29.0
2022-06-16,0.0014367928046666667,Davis,36.0,545.0,0.0014367928046666667,0.0014367928046666667,36.0
2022-06-17,0.002121653822333333,Davis,0.0,,0.002121653822333333,0.002121653822333333,0.0
2022-06-18,0.0022346984356666666,Davis,36.0,916.0,0.0022346984356666666,0.0022346984356666666,36.0
2022-06-19,0.00460582768,Davis,31.0,532.0,0.00460582768,0.00460582768,31.0
2022-06-20,0.002485297892,Davis,0.0,,0.002485297892,0.002485297892,0.0
2022-06-21,0.002114154655,Davis,0.0,,0.002114154655,0.002114154655,0.0
2022-06-22,0.0028695827913333334,Davis,16.0,213.0,0.0028695827913333334,0.0028695827913333334,16.0
2022-06-23,0.00345069186,Davis,43.0,818.0,0.00345069186,0.00345069186,43.0
2022-06-24,0.0034537843066666666,Davis,30.0,707.0,0.0034537843066666666,0.0034537843066666666,30.0
2021-09-10,0.0,UCDavis,2.0,1037.0,0.0,0.0,2.0
2021-09-11,0.0,UCDavis,8.0,1054.0,0.0,0.0,8.0
2021-09-12,0.0,UCDavis,0.0,341.0,0.0,0.0,0.0
2021-09-13,0.0,UCDavis,0.0,2413.0,0.0,0.0,0.0
2021-09-14,0.0,UCDavis,5.0,3454.0,0.0,0.0,5.0
2021-09-15,,UCDavis,4.0,2608.0,,6.88095238095238e-05,4.0
2021-09-16,,UCDavis,9.0,5096.0,,0.0001376190476190476,9.0
2021-09-17,,UCDavis,3.0,1985.0,,0.0002064285714285714,3.0
2021-09-18,,UCDavis,1.0,2313.0,,0.0002752380952380952,1.0
2021-09-19,,UCDavis,3.0,2249.0,,0.00034404761904761904,3.0
2021-09-20,,UCDavis,6.0,3220.0,,0.0004128571428571428,6.0
2021-09-21,0.00048166666666666665,UCDavis,1.0,3672.0,0.00048166666666666665,0.00048166666666666665,1.0
2021-09-22,0.0,UCDavis,4.0,3346.0,0.0,0.0,4.0
2021-09-23,0.0,UCDavis,2.0,2216.0,0.0,0.0,2.0
2021-09-24,0.0,UCDavis,8.0,3337.0,0.0,0.0,8.0
2021-09-25,0.0,UCDavis,1.0,2179.0,0.0,0.0,1.0
2021-09-26,0.0,UCDavis,4.0,1620.0,0.0,0.0,4.0
2021-09-27,0.003292666666666667,UCDavis,1.0,1984.0,0.003292666666666667,0.003292666666666667,1.0
2021-09-28,,UCDavis,5.0,4935.0,,0.0028810833333333336,5.0
2021-09-29,,UCDavis,7.0,4514.0,,0.0024695000000000003,7.0
2021-09-30,,UCDavis,5.0,4355.0,,0.0020579166666666667,5.0
2021-10-01,,UCDavis,2.0,4702.0,,0.0016463333333333334,2.0
2021-10-02,,UCDavis,3.0,4153.0,,0.0012347500000000002,3.0
2021-10-03,,UCDavis,2.0,1714.0,,0.0008231666666666665,2.0
2021-10-04,,UCDavis,1.0,3215.0,,0.00041158333333333325,1.0
2021-10-05,0.0,UCDavis,2.0,5436.0,0.0,0.0,2.0
2021-10-06,0.0,UCDavis,3.0,4511.0,0.0,0.0,3.0
2021-10-07,0.0,UCDavis,5.0,3553.0,0.0,0.0,5.0
2021-10-08,,UCDavis,6.0,3984.0,,0.0,6.0
2021-10-09,0.0,UCDavis,1.0,2527.0,0.0,0.0,1.0
2021-10-10,0.0,UCDavis,2.0,850.0,0.0,0.0,2.0
2021-10-11,0.0,UCDavis,3.0,2978.0,0.0,0.0,3.0
2021-10-12,,UCDavis,3.0,4935.0,,0.0,3.0
2021-10-13,,UCDavis,11.0,5168.0,,0.0,11.0
2021-10-14,,UCDavis,2.0,4295.0,,0.0,2.0
2021-10-15,,UCDavis,0.0,2883.0,,0.0,0.0
2021-10-16,,UCDavis,5.0,4310.0,,0.0,5.0
2021-10-17,,UCDavis,0.0,1695.0,,0.0,0.0
2021-10-18,,UCDavis,3.0,2926.0,,0.0,3.0
2021-10-19,0.0,UCDavis,1.0,2568.0,0.0,0.0,1.0
2021-10-20,0.0,UCDavis,3.0,6169.0,0.0,0.0,3.0
2021-10-21,0.0,UCDavis,2.0,3050.0,0.0,0.0,2.0
2021-10-22,0.0,UCDavis,4.0,3686.0,0.0,0.0,4.0
2021-10-23,0.0,UCDavis,1.0,2553.0,0.0,0.0,1.0
2021-10-24,0.0,UCDavis,2.0,1584.0,0.0,0.0,2.0
2021-10-25,0.0,UCDavis,3.0,3338.0,0.0,0.0,3.0
2021-10-26,0.0,UCDavis,4.0,3563.0,0.0,0.0,4.0
2021-10-27,0.0,UCDavis,5.0,5963.0,0.0,0.0,5.0
2021-10-28,0.0,UCDavis,9.0,4003.0,0.0,0.0,9.0
2021-10-29,0.0,UCDavis,5.0,3441.0,0.0,0.0,5.0
2021-10-30,0.0,UCDavis,1.0,3053.0,0.0,0.0,1.0
2021-10-31,0.0,UCDavis,7.0,1748.0,0.0,0.0,7.0
2021-11-01,0.0,UCDavis,1.0,3029.0,0.0,0.0,1.0
2021-11-02,0.0,UCDavis,6.0,4435.0,0.0,0.0,6.0
2021-11-03,0.0,UCDavis,3.0,4024.0,0.0,0.0,3.0
2021-11-04,0.0,UCDavis,3.0,4365.0,0.0,0.0,3.0
2021-11-05,0.000172,UCDavis,4.0,2809.0,0.000172,0.000172,4.0
2021-11-06,,UCDavis,0.0,2413.0,,8.6e-05,0.0
2021-11-07,0.0,UCDavis,3.0,1942.0,0.0,0.0,3.0
2021-11-08,0.0,UCDavis,0.0,1596.0,0.0,0.0,0.0
2021-11-09,0.0,UCDavis,3.0,5184.0,0.0,0.0,3.0
2021-11-10,0.0,UCDavis,3.0,5273.0,0.0,0.0,3.0
2021-11-11,,UCDavis,0.0,83.0,,2.116666666666667e-05,0.0
2021-11-12,4.233333333333334e-05,UCDavis,2.0,4002.0,4.233333333333334e-05,4.233333333333334e-05,2.0
2021-11-13,0.0,UCDavis,5.0,4090.0,0.0,0.0,5.0
2021-11-14,0.0,UCDavis,2.0,1397.0,0.0,0.0,2.0
2021-11-15,0.00015933333333333335,UCDavis,3.0,3087.0,0.00015933333333333335,0.00015933333333333335,3.0
2021-11-16,7.3e-05,UCDavis,3.0,4850.0,7.3e-05,7.3e-05,3.0
2021-11-17,9.166666666666667e-05,UCDavis,5.0,4754.0,9.166666666666667e-05,9.166666666666667e-05,5.0
2021-11-18,4.7e-05,UCDavis,5.0,4051.0,4.7e-05,4.7e-05,5.0
2021-11-19,3.1333333333333334e-05,UCDavis,2.0,2571.0,3.1333333333333334e-05,3.1333333333333334e-05,2.0
2021-11-20,7.466666666666667e-05,UCDavis,6.0,2842.0,7.466666666666667e-05,7.466666666666667e-05,6.0
2021-11-21,0.00020366666666666667,UCDavis,0.0,1395.0,0.00020366666666666667,0.00020366666666666667,0.0
2021-11-22,0.00041066666666666666,UCDavis,5.0,2949.0,0.00041066666666666666,0.00041066666666666666,5.0
2021-11-23,2.556764303333333e-05,UCDavis,2.0,4663.0,2.556764303333333e-05,2.556764303333333e-05,2.0
2021-11-24,0.0,UCDavis,1.0,4128.0,0.0,0.0,1.0
2021-11-25,,UCDavis,0.0,,,0.0,0.0
2021-11-26,,UCDavis,1.0,312.0,,0.0,1.0
2021-11-27,,UCDavis,1.0,957.0,,0.0,1.0
2021-11-28,,UCDavis,2.0,985.0,,0.0,2.0
2021-11-29,0.0,UCDavis,7.0,4346.0,0.0,0.0,7.0
2021-11-30,0.0,UCDavis,6.0,5485.0,0.0,0.0,6.0
2021-12-01,2.36889647e-05,UCDavis,1.0,2820.0,2.36889647e-05,2.36889647e-05,1.0
2021-12-02,3.4113248e-05,UCDavis,8.0,5489.0,3.4113248e-05,3.4113248e-05,8.0
2021-12-03,3.2919573766666666e-05,UCDavis,3.0,2847.0,3.2919573766666666e-05,3.2919573766666666e-05,3.0
2021-12-04,4.31334956e-05,UCDavis,5.0,4246.0,4.31334956e-05,4.31334956e-05,5.0
2021-12-05,1.7122016666666666e-05,UCDavis,3.0,1354.0,1.7122016666666666e-05,1.7122016666666666e-05,3.0
2021-12-06,0.0,UCDavis,0.0,1810.0,0.0,0.0,0.0
2021-12-07,0.0,UCDavis,2.0,3425.0,0.0,0.0,2.0
2021-12-08,2.315994406666667e-05,UCDavis,3.0,3949.0,2.315994406666667e-05,2.315994406666667e-05,3.0
2021-12-09,4.09969514e-05,UCDavis,1.0,2018.0,4.09969514e-05,4.09969514e-05,1.0
2021-12-10,0.0,UCDavis,0.0,1904.0,0.0,0.0,0.0
2021-12-11,1.8988728466666666e-05,UCDavis,2.0,1626.0,1.8988728466666666e-05,1.8988728466666666e-05,2.0
2021-12-12,,UCDavis,0.0,757.0,,0.000121037227074162,0.0
2021-12-13,0.00022308572568165733,UCDavis,1.0,1411.0,0.00022308572568165733,0.00022308572568165733,1.0
2021-12-14,0.0,UCDavis,4.0,1608.0,0.0,0.0,4.0
2021-12-15,0.0,UCDavis,3.0,1653.0,0.0,0.0,3.0
2021-12-16,0.0,UCDavis,1.0,1734.0,0.0,0.0,1.0
2021-12-17,0.0,UCDavis,4.0,1164.0,0.0,0.0,4.0
2021-12-18,0.00034370283633333335,UCDavis,4.0,1354.0,0.00034370283633333335,0.00034370283633333335,4.0
2021-12-19,0.00016028937003333336,UCDavis,11.0,577.0,0.00016028937003333336,0.00016028937003333336,11.0
2021-12-20,0.0,UCDavis,6.0,965.0,0.0,0.0,6.0
2021-12-21,0.00019026999776666667,UCDavis,17.0,1650.0,0.00019026999776666667,0.00019026999776666667,17.0
2021-12-22,0.0001011819393,UCDavis,26.0,2010.0,0.0001011819393,0.0001011819393,26.0
2021-12-23,0.0002669299981666667,UCDavis,28.0,1775.0,0.0002669299981666667,0.0002669299981666667,28.0
2021-12-24,,UCDavis,0.0,,,0.0002565362163,0.0
2021-12-25,,UCDavis,0.0,,,0.00024614243443333336,0.0
2021-12-26,,UCDavis,0.0,,,0.0002357486525666667,0.0
2021-12-27,,UCDavis,17.0,1107.0,,0.0002253548707,17.0
2021-12-28,0.00021496108883333335,UCDavis,95.0,3471.0,0.00021496108883333335,0.00021496108883333335,95.0
2021-12-29,0.00044965007033333335,UCDavis,34.0,1071.0,0.00044965007033333335,0.00044965007033333335,34.0
2021-12-30,0.0004580704653333333,UCDavis,126.0,4167.0,0.0004580704653333333,0.0004580704653333333,126.0
2021-12-31,,UCDavis,0.0,,,0.0005054838990833333,0.0
2022-01-01,,UCDavis,0.0,13.0,,0.0005528973328333333,0.0
2022-01-02,,UCDavis,81.0,2018.0,,0.0006003107665833332,81.0
2022-01-03,0.0006477242003333333,UCDavis,186.0,5510.0,0.0006477242003333333,0.0006477242003333333,186.0
2022-01-04,,UCDavis,398.0,7437.0,,0.0013105268856666665,398.0
2022-01-05,0.001973329571,UCDavis,289.0,5887.0,0.001973329571,0.001973329571,289.0
2022-01-06,0.001923052798,UCDavis,319.0,5535.0,0.001923052798,0.001923052798,319.0
2022-01-07,0.0017147601196666666,UCDavis,204.0,4604.0,0.0017147601196666666,0.0017147601196666666,204.0
2022-01-08,0.0011275478603333332,UCDavis,199.0,4637.0,0.0011275478603333332,0.0011275478603333332,199.0
2022-01-09,0.0013148461383333334,UCDavis,133.0,2821.0,0.0013148461383333334,0.0013148461383333334,133.0
2022-01-10,0.0010532117953333333,UCDavis,117.0,3417.0,0.0010532117953333333,0.0010532117953333333,117.0
2022-01-11,0.0006806022213333333,UCDavis,121.0,2832.0,0.0006806022213333333,0.0006806022213333333,121.0
2022-01-12,0.007517651126666667,UCDavis,226.0,5735.0,0.007517651126666667,0.007517651126666667,226.0
2022-01-13,0.0,UCDavis,160.0,4600.0,0.0,0.0,160.0
2022-01-14,0.000741511712,UCDavis,107.0,4153.0,0.000741511712,0.000741511712,107.0
2022-01-15,0.0005718689396666666,UCDavis,91.0,3427.0,0.0005718689396666666,0.0005718689396666666,91.0
2022-01-16,0.00048216435400000004,UCDavis,52.0,1872.0,0.00048216435400000004,0.00048216435400000004,52.0
2022-01-17,,UCDavis,32.0,1907.0,,0.00048769447650000004,32.0
2022-01-18,0.000493224599,UCDavis,56.0,2042.0,0.000493224599,0.000493224599,56.0
2022-01-19,0.00039505404300000003,UCDavis,114.0,4584.0,0.00039505404300000003,0.00039505404300000003,114.0
2022-01-20,0.000649540768,UCDavis,62.0,2956.0,0.000649540768,0.000649540768,62.0
2022-01-21,0.0006550979656666667,UCDavis,0.0,,0.0006550979656666667,0.0006550979656666667,0.0
2022-01-22,0.000355554108,UCDavis,0.0,,0.000355554108,0.000355554108,0.0
2022-01-23,0.0012325700833333334,UCDavis,177.0,10771.0,0.0012325700833333334,0.0012325700833333334,177.0
2022-01-24,0.0007229884866666666,UCDavis,35.0,2578.0,0.0007229884866666666,0.0007229884866666666,35.0
2022-01-25,0.0003767445676666667,UCDavis,88.0,5041.0,0.0003767445676666667,0.0003767445676666667,88.0
2022-01-26,0.00011293122196666668,UCDavis,48.0,3445.0,0.00011293122196666668,0.00011293122196666668,48.0
2022-01-27,0.0005345403326666666,UCDavis,49.0,3375.0,0.0005345403326666666,0.0005345403326666666,49.0
2022-01-28,0.0001879980943,UCDavis,50.0,5473.0,0.0001879980943,0.0001879980943,50.0
2022-01-29,0.00015576325106666668,UCDavis,40.0,4367.0,0.00015576325106666668,0.00015576325106666668,40.0
2022-01-30,0.0001192236324,UCDavis,19.0,3381.0,0.0001192236324,0.0001192236324,19.0
2022-01-31,0.00013665781566666666,UCDavis,41.0,4219.0,0.00013665781566666666,0.00013665781566666666,41.0
2022-02-01,0.00011975596416666667,UCDavis,29.0,3913.0,0.00011975596416666667,0.00011975596416666667,29.0
2022-02-02,0.0002815931706333333,UCDavis,48.0,4806.0,0.0002815931706333333,0.0002815931706333333,48.0
2022-02-03,0.0011031529613333333,UCDavis,35.0,3827.0,0.0011031529613333333,0.0011031529613333333,35.0
2022-02-04,0.001720606931,UCDavis,21.0,3885.0,0.001720606931,0.001720606931,21.0
2022-02-05,0.001181666594,UCDavis,19.0,3219.0,0.001181666594,0.001181666594,19.0
2022-02-06,0.0010226192763333334,UCDavis,6.0,1354.0,0.0010226192763333334,0.0010226192763333334,6.0
2022-02-07,0.00020776057246666666,UCDavis,30.0,3864.0,0.00020776057246666666,0.00020776057246666666,30.0
2022-02-08,0.00019632787816666666,UCDavis,23.0,2513.0,0.00019632787816666666,0.00019632787816666666,23.0
2022-02-09,0.0,UCDavis,41.0,4301.0,0.0,0.0,41.0
2022-02-10,0.0003692810406666667,UCDavis,24.0,3511.0,0.0003692810406666667,0.0003692810406666667,24.0
2022-02-11,0.0003194436001,UCDavis,24.0,4607.0,0.0003194436001,0.0003194436001,24.0
2022-02-12,7.133873293333333e-05,UCDavis,13.0,3460.0,7.133873293333333e-05,7.133873293333333e-05,13.0
2022-02-13,7.419116096666667e-05,UCDavis,4.0,2612.0,7.419116096666667e-05,7.419116096666667e-05,4.0
2022-02-14,0.00014676207026666666,UCDavis,14.0,2167.0,0.00014676207026666666,0.00014676207026666666,14.0
2022-02-15,9.24575239e-05,UCDavis,9.0,2051.0,9.24575239e-05,9.24575239e-05,9.0
2022-02-16,0.0,UCDavis,20.0,3821.0,0.0,0.0,20.0
2022-02-17,5.772257683333334e-05,UCDavis,35.0,5954.0,5.772257683333334e-05,5.772257683333334e-05,35.0
2022-02-18,7.551049289999999e-05,UCDavis,10.0,2159.0,7.551049289999999e-05,7.551049289999999e-05,10.0
2022-02-19,0.00013778901956666668,UCDavis,7.0,2426.0,0.00013778901956666668,0.00013778901956666668,7.0
2022-02-20,0.0,UCDavis,15.0,3419.0,0.0,0.0,15.0
2022-02-21,,UCDavis,0.0,1.0,,2.3931355616666667e-05,0.0
2022-02-22,4.786271123333333e-05,UCDavis,8.0,2910.0,4.786271123333333e-05,4.786271123333333e-05,8.0
2022-02-23,0.0,UCDavis,2.0,1584.0,0.0,0.0,2.0
2022-02-24,3.5832823233333335e-05,UCDavis,16.0,3713.0,3.5832823233333335e-05,3.5832823233333335e-05,16.0
2022-02-25,3.8367462966666665e-05,UCDavis,9.0,4053.0,3.8367462966666665e-05,3.8367462966666665e-05,9.0
2022-02-26,0.0,UCDavis,8.0,3899.0,0.0,0.0,8.0
2022-02-27,0.0,UCDavis,9.0,3776.0,0.0,0.0,9.0
2022-02-28,0.0,UCDavis,2.0,2047.0,0.0,0.0,2.0
2022-03-01,0.0,UCDavis,7.0,4928.0,0.0,0.0,7.0
2022-03-02,2.41736304e-05,UCDavis,3.0,3285.0,2.41736304e-05,2.41736304e-05,3.0
2022-03-03,3.8492451566666665e-05,UCDavis,11.0,4003.0,3.8492451566666665e-05,3.8492451566666665e-05,11.0
2022-03-04,0.0,UCDavis,7.0,2801.0,0.0,0.0,7.0
2022-03-05,0.0,UCDavis,6.0,2675.0,0.0,0.0,6.0
2022-03-06,0.0,UCDavis,0.0,1279.0,0.0,0.0,0.0
2022-03-07,7.162727513333334e-05,UCDavis,0.0,2396.0,7.162727513333334e-05,7.162727513333334e-05,0.0
2022-03-08,5.175962896666667e-05,UCDavis,4.0,2954.0,5.175962896666667e-05,5.175962896666667e-05,4.0
2022-03-09,4.82323477e-05,UCDavis,5.0,3648.0,4.82323477e-05,4.82323477e-05,5.0
2022-03-10,0.00012907302020000001,UCDavis,3.0,3678.0,0.00012907302020000001,0.00012907302020000001,3.0
2022-03-11,0.0,UCDavis,2.0,2614.0,0.0,0.0,2.0
2022-03-12,0.0,UCDavis,6.0,2483.0,0.0,0.0,6.0
2022-03-13,0.0,UCDavis,3.0,1609.0,0.0,0.0,3.0
2022-03-14,0.0,UCDavis,2.0,2180.0,0.0,0.0,2.0
2022-03-15,0.0,UCDavis,4.0,3108.0,0.0,0.0,4.0
2022-03-16,0.0,UCDavis,3.0,2498.0,0.0,0.0,3.0
2022-03-17,0.0,UCDavis,5.0,2487.0,0.0,0.0,5.0
2022-03-18,0.0,UCDavis,3.0,2242.0,0.0,0.0,3.0
2022-03-19,0.0,UCDavis,3.0,1470.0,0.0,0.0,3.0
2022-03-20,0.0,UCDavis,0.0,353.0,0.0,0.0,0.0
2022-03-21,0.0,UCDavis,2.0,1241.0,0.0,0.0,2.0
2022-03-22,6.0436882500000006e-05,UCDavis,2.0,1322.0,6.0436882500000006e-05,6.0436882500000006e-05,2.0
2022-03-23,0.0,UCDavis,2.0,1600.0,0.0,0.0,2.0
2022-03-24,,UCDavis,4.0,1517.0,,0.00010055283143333332,4.0
2022-03-25,,UCDavis,0.0,,,0.00020110566286666665,0.0
2022-03-26,0.00030165849429999997,UCDavis,1.0,552.0,0.00030165849429999997,0.00030165849429999997,1.0
2022-03-27,0.00023555700046666667,UCDavis,3.0,3053.0,0.00023555700046666667,0.00023555700046666667,3.0
2022-03-28,,UCDavis,13.0,4690.0,,0.00011777850023333334,13.0
2022-03-29,0.0,UCDavis,9.0,4706.0,0.0,0.0,9.0
2022-03-30,0.0001333755738,UCDavis,9.0,4249.0,0.0001333755738,0.0001333755738,9.0
2022-03-31,0.0002236732419,UCDavis,5.0,3611.0,0.0002236732419,0.0002236732419,5.0
2022-04-01,0.00016230068336666665,UCDavis,11.0,2817.0,0.00016230068336666665,0.00016230068336666665,11.0
2022-04-02,4.9000439766666664e-05,UCDavis,8.0,2345.0,4.9000439766666664e-05,4.9000439766666664e-05,8.0
2022-04-03,9.612252083333333e-05,UCDavis,8.0,1090.0,9.612252083333333e-05,9.612252083333333e-05,8.0
2022-04-04,4.9804586700000004e-05,UCDavis,15.0,2243.0,4.9804586700000004e-05,4.9804586700000004e-05,15.0
2022-04-05,9.123333263333334e-05,UCDavis,11.0,2918.0,9.123333263333334e-05,9.123333263333334e-05,11.0
2022-04-06,0.00011574774720000001,UCDavis,8.0,2534.0,0.00011574774720000001,0.00011574774720000001,8.0
2022-04-07,0.00023675385700000002,UCDavis,7.0,2203.0,0.00023675385700000002,0.00023675385700000002,7.0
2022-04-08,0.00045054892533333334,UCDavis,13.0,2237.0,0.00045054892533333334,0.00045054892533333334,13.0
2022-04-09,9.422201183333334e-05,UCDavis,7.0,1931.0,9.422201183333334e-05,9.422201183333334e-05,7.0
2022-04-10,7.91325946e-05,UCDavis,2.0,1527.0,7.91325946e-05,7.91325946e-05,2.0
2022-04-11,9.311196546666667e-05,UCDavis,8.0,2604.0,9.311196546666667e-05,9.311196546666667e-05,8.0
2022-04-12,0.0007421035253333333,UCDavis,24.0,3673.0,0.0007421035253333333,0.0007421035253333333,24.0
2022-04-13,0.0006796769166666667,UCDavis,37.0,3521.0,0.0006796769166666667,0.0006796769166666667,37.0
2022-04-14,0.0008470466673333333,UCDavis,25.0,3389.0,0.0008470466673333333,0.0008470466673333333,25.0
2022-04-15,0.0008691074616666667,UCDavis,18.0,2398.0,0.0008691074616666667,0.0008691074616666667,18.0
2022-04-16,0.0006932831639999999,UCDavis,25.0,2053.0,0.0006932831639999999,0.0006932831639999999,25.0
2022-04-17,0.0006720655166666667,UCDavis,0.0,,0.0006720655166666667,0.0006720655166666667,0.0
2022-04-18,,UCDavis,23.0,2398.0,,0.00048638736610000005,23.0
2022-04-19,0.00030070921553333334,UCDavis,39.0,3389.0,0.00030070921553333334,0.00030070921553333334,39.0
2022-04-20,0.00035524806966666665,UCDavis,33.0,2977.0,0.00035524806966666665,0.00035524806966666665,33.0
2022-04-21,0.0007717424346666667,UCDavis,26.0,2442.0,0.0007717424346666667,0.0007717424346666667,26.0
2022-04-22,0.00012325747926666668,UCDavis,36.0,3065.0,0.00012325747926666668,0.00012325747926666668,36.0
2022-04-23,0.000667731197,UCDavis,11.0,1876.0,0.000667731197,0.000667731197,11.0
2022-04-24,,UCDavis,8.0,1043.0,,0.0004439743184833333,8.0
2022-04-25,0.00022021743996666665,UCDavis,18.0,3336.0,0.00022021743996666665,0.00022021743996666665,18.0
2022-04-26,7.675225440000001e-05,UCDavis,34.0,3228.0,7.675225440000001e-05,7.675225440000001e-05,34.0
2022-04-27,0.00019406389266666665,UCDavis,37.0,3481.0,0.00019406389266666665,0.00019406389266666665,37.0
2022-04-28,0.0006155803533333334,UCDavis,33.0,3469.0,0.0006155803533333334,0.0006155803533333334,33.0
2022-04-29,,UCDavis,16.0,2492.0,,0.000584977747,16.0
2022-04-30,0.0005543751406666666,UCDavis,19.0,1913.0,0.0005543751406666666,0.0005543751406666666,19.0
2022-05-01,0.0013004901393333333,UCDavis,8.0,830.0,0.0013004901393333333,0.0013004901393333333,8.0
2022-05-02,0.0024889757103333334,UCDavis,27.0,1949.0,0.0024889757103333334,0.0024889757103333334,27.0
2022-05-03,0.0023289325346666665,UCDavis,0.0,,0.0023289325346666665,0.0023289325346666665,0.0
2022-05-04,0.0001729165494,UCDavis,83.0,6027.0,0.0001729165494,0.0001729165494,83.0
2022-05-05,0.00040547761366666664,UCDavis,16.0,993.0,0.00040547761366666664,0.00040547761366666664,16.0
2022-05-06,0.0005591679123333333,UCDavis,63.0,4901.0,0.0005591679123333333,0.0005591679123333333,63.0
2022-05-07,0.0005639437829999999,UCDavis,29.0,1942.0,0.0005639437829999999,0.0005639437829999999,29.0
2022-05-08,0.0006081744236666667,UCDavis,13.0,999.0,0.0006081744236666667,0.0006081744236666667,13.0
2022-05-09,0.0002000865665,UCDavis,44.0,2924.0,0.0002000865665,0.0002000865665,44.0
2022-05-10,0.00093266917,UCDavis,55.0,2781.0,0.00093266917,0.00093266917,55.0
2022-05-11,0.0003338928726666667,UCDavis,53.0,3254.0,0.0003338928726666667,0.0003338928726666667,53.0
2022-05-12,0.00037538949899999996,UCDavis,45.0,3737.0,0.00037538949899999996,0.00037538949899999996,45.0
2022-05-13,0.00047905866333333334,UCDavis,33.0,2719.0,0.00047905866333333334,0.00047905866333333334,33.0
2022-05-14,0.0013404976326666668,UCDavis,31.0,2086.0,0.0013404976326666668,0.0013404976326666668,31.0
2022-05-15,0.0007663486423333333,UCDavis,21.0,967.0,0.0007663486423333333,0.0007663486423333333,21.0
2022-05-16,0.0004077725773333333,UCDavis,49.0,1945.0,0.0004077725773333333,0.0004077725773333333,49.0
2022-05-17,,UCDavis,48.0,2707.0,,0.000952703829,48.0
2022-05-18,0.0014976350806666667,UCDavis,90.0,3946.0,0.0014976350806666667,0.0014976350806666667,90.0
2022-05-19,0.000732210603,UCDavis,70.0,3135.0,0.000732210603,0.000732210603,70.0
2022-05-20,0.0011875374913333334,UCDavis,37.0,2651.0,0.0011875374913333334,0.0011875374913333334,37.0
2022-05-21,0.001012680497,UCDavis,28.0,1667.0,0.001012680497,0.001012680497,28.0
2022-05-22,0.0005461087276666666,UCDavis,22.0,1504.0,0.0005461087276666666,0.0005461087276666666,22.0
2022-05-23,0.003291407768666667,UCDavis,52.0,2728.0,0.003291407768666667,0.003291407768666667,52.0
2022-05-24,0.000904517081,UCDavis,39.0,2042.0,0.000904517081,0.000904517081,39.0
2022-05-25,0.0006970794643333334,UCDavis,51.0,2843.0,0.0006970794643333334,0.0006970794643333334,51.0
2022-05-26,0.0028042706066666668,UCDavis,77.0,4141.0,0.0028042706066666668,0.0028042706066666668,77.0
2022-05-27,0.0008417789736666667,UCDavis,33.0,2483.0,0.0008417789736666667,0.0008417789736666667,33.0
2022-05-28,0.0009242182466666667,UCDavis,29.0,2095.0,0.0009242182466666667,0.0009242182466666667,29.0
2022-05-29,0.0009045976440000001,UCDavis,26.0,807.0,0.0009045976440000001,0.0009045976440000001,26.0
2022-05-30,,UCDavis,0.0,2.0,,0.001022079508666667,0.0
2022-05-31,0.0011395613733333335,UCDavis,71.0,2129.0,0.0011395613733333335,0.0011395613733333335,71.0
2022-06-01,0.0012966999293333333,UCDavis,111.0,4223.0,0.0012966999293333333,0.0012966999293333333,111.0
2022-06-02,0.0010606967556666667,UCDavis,59.0,2589.0,0.0010606967556666667,0.0010606967556666667,59.0
2022-06-03,0.00442508596,UCDavis,61.0,2185.0,0.00442508596,0.00442508596,61.0
2022-06-04,0.002234161602,UCDavis,56.0,2130.0,0.002234161602,0.002234161602,56.0
2022-06-05,0.001163989503,UCDavis,51.0,1516.0,0.001163989503,0.001163989503,51.0
2022-06-06,0.000479060121,UCDavis,43.0,1905.0,0.000479060121,0.000479060121,43.0
2022-06-07,0.0022385784036666667,UCDavis,37.0,1975.0,0.0022385784036666667,0.0022385784036666667,37.0
2022-06-08,0.0019795140323333334,UCDavis,62.0,2955.0,0.0019795140323333334,0.0019795140323333334,62.0
2022-06-09,0.0013132206593333333,UCDavis,54.0,1845.0,0.0013132206593333333,0.0013132206593333333,54.0
2022-06-10,0.0005595884206666666,UCDavis,9.0,711.0,0.0005595884206666666,0.0005595884206666666,9.0
2022-06-11,0.00028182947606666665,UCDavis,21.0,1041.0,0.00028182947606666665,0.00028182947606666665,21.0
2022-06-12,0.000456582724,UCDavis,6.0,272.0,0.000456582724,0.000456582724,6.0
2022-06-13,0.0007202486286666667,UCDavis,12.0,580.0,0.0007202486286666667,0.0007202486286666667,12.0
2022-06-14,0.0009317083073333333,UCDavis,37.0,2003.0,0.0009317083073333333,0.0009317083073333333,37.0
2022-06-15,0.0010411880876666666,UCDavis,33.0,1022.0,0.0010411880876666666,0.0010411880876666666,33.0
2022-06-16,0.000701345313,UCDavis,21.0,1227.0,0.000701345313,0.000701345313,21.0
2022-06-17,0.000802139032,UCDavis,0.0,,0.000802139032,0.000802139032,0.0
2022-06-18,0.002240432297333333,UCDavis,30.0,1564.0,0.002240432297333333,0.002240432297333333,30.0
2022-06-19,0.0011011971690000001,UCDavis,30.0,569.0,0.0011011971690000001,0.0011011971690000001,30.0
2022-06-20,,UCDavis,0.0,,,0.0007348688843333334,0.0
2022-06-21,0.0003685405996666667,UCDavis,0.0,,0.0003685405996666667,0.0003685405996666667,0.0
2022-06-22,0.0006826218073333333,UCDavis,17.0,1084.0,0.0006826218073333333,0.0006826218073333333,17.0
2022-06-23,0.0007696717483333334,UCDavis,34.0,2146.0,0.0007696717483333334,0.0007696717483333334,34.0
2022-06-24,0.0011768431413333334,UCDavis,42.0,1578.0,0.0011768431413333334,0.0011768431413333334,42.0
2021-11-15,0.00013203417234020266,Woodland,11.0,,0.00013203417234020266,0.00013203417234020266,11.0
2021-11-16,0.00018740452639193767,Woodland,12.0,,0.00018740452639193767,0.00018740452639193767,12.0
2021-11-17,0.000245540961932608,Woodland,13.0,,0.000245540961932608,0.000245540961932608,13.0
2021-11-18,0.00014544424395056333,Woodland,8.0,,0.00014544424395056333,0.00014544424395056333,8.0
2021-11-19,0.00018893936794935997,Woodland,6.0,,0.00018893936794935997,0.00018893936794935997,6.0
2021-11-20,,Woodland,4.0,,,0.00015589097893702,4.0
2021-11-21,,Woodland,7.0,,,0.00012284258992467997,
2021-11-22,,Woodland,10.0,,,8.979420091233999e-05,10.0
2021-11-23,5.67458119e-05,Woodland,4.0,,5.67458119e-05,5.67458119e-05,4.0
2021-11-24,5.504480316666667e-05,Woodland,7.0,,5.504480316666667e-05,5.504480316666667e-05,7.0
2021-11-25,,Woodland,2.0,,,0.00012642174593333335,2.0
2021-11-26,0.0001977986887,Woodland,12.0,,0.0001977986887,0.0001977986887,12.0
2021-11-27,,Woodland,4.0,,,0.00019005173173333332,4.0
2021-11-28,,Woodland,5.0,,,0.00018230477476666667,5.0
2021-11-29,0.0001745578178,Woodland,11.0,,0.0001745578178,0.0001745578178,11.0
2021-11-30,,Woodland,15.0,,,0.00016543798311666666,15.0
2021-12-01,0.00015631814843333332,Woodland,97.0,,0.00015631814843333332,0.00015631814843333332,97.0
2021-12-02,0.00024535821146666665,Woodland,11.0,,0.00024535821146666665,0.00024535821146666665,11.0
2021-12-03,3.9355591600000005e-05,Woodland,8.0,,3.9355591600000005e-05,3.9355591600000005e-05,8.0
2021-12-04,,Woodland,10.0,,,6.574024156666667e-05,10.0
2021-12-05,,Woodland,8.0,,,9.212489153333334e-05,8.0
2021-12-06,0.0001185095415,Woodland,1.0,,0.0001185095415,0.0001185095415,1.0
2021-12-07,0.0002723109075,Woodland,8.0,,0.0002723109075,0.0002723109075,8.0
2021-12-08,0.0003397694913333333,Woodland,17.0,,0.0003397694913333333,0.0003397694913333333,17.0
2021-12-09,0.00017026771000000002,Woodland,6.0,,0.00017026771000000002,0.00017026771000000002,6.0
2021-12-10,0.00013922341286666667,Woodland,19.0,,0.00013922341286666667,0.00013922341286666667,19.0
2021-12-11,,Woodland,8.0,,,0.00011662768213333333,8.0
2021-12-12,,Woodland,8.0,,,9.40319514e-05,8.0
2021-12-13,7.143622066666667e-05,Woodland,13.0,,7.143622066666667e-05,7.143622066666667e-05,13.0
2021-12-14,0.00016816400166666667,Woodland,18.0,,0.00016816400166666667,0.00016816400166666667,18.0
2021-12-15,0.0003633566633333333,Woodland,12.0,,0.0003633566633333333,0.0003633566633333333,12.0
2021-12-16,0.0002916518006666667,Woodland,7.0,,0.0002916518006666667,0.0002916518006666667,7.0
2021-12-17,0.00037254868066666664,Woodland,15.0,,0.00037254868066666664,0.00037254868066666664,15.0
2021-12-18,,Woodland,5.0,,,0.00031185290215555555,5.0
2021-12-19,,Woodland,13.0,,,0.00025115712364444446,13.0
2021-12-20,0.00019046134513333335,Woodland,18.0,,0.00019046134513333335,0.00019046134513333335,18.0
2021-12-21,0.00016852246096666666,Woodland,25.0,,0.00016852246096666666,0.00016852246096666666,25.0
2021-12-22,0.00035665468233333337,Woodland,18.0,,0.00035665468233333337,0.00035665468233333337,18.0
2021-12-23,0.0014994540726666666,Woodland,15.0,,0.0014994540726666666,0.0014994540726666666,15.0
2021-12-24,,Woodland,10.0,,,0.0012446319479166666,10.0
2021-12-25,,Woodland,10.0,,,0.0009898098231666667,10.0
2021-12-26,,Woodland,22.0,,,0.0007349876984166667,22.0
2021-12-27,0.0004801655736666667,Woodland,57.0,,0.0004801655736666667,0.0004801655736666667,57.0
2021-12-28,0.0010671819056666666,Woodland,58.0,,0.0010671819056666666,0.0010671819056666666,58.0
2021-12-29,0.0008971443356666667,Woodland,62.0,,0.0008971443356666667,0.0008971443356666667,62.0
2021-12-30,0.0008999975883333334,Woodland,40.0,,0.0008999975883333334,0.0008999975883333334,40.0
2021-12-31,0.00076823086,Woodland,28.0,,0.00076823086,0.00076823086,28.0
2022-01-01,,Woodland,50.0,,,0.0009176845707777778,50.0
2022-01-02,,Woodland,31.0,,,0.0010671382815555556,31.0
2022-01-03,0.0012165919923333335,Woodland,38.54545454545455,,0.0012165919923333335,0.0012165919923333335,
2022-01-04,0.0015331293129999999,Woodland,46.09090909090909,,0.0015331293129999999,0.0015331293129999999,
2022-01-05,0.001672787045,Woodland,53.63636363636364,,0.001672787045,0.001672787045,
2022-01-06,0.0006528523596666667,Woodland,61.18181818181819,,0.0006528523596666667,0.0006528523596666667,
2022-01-07,0.0020840659756666668,Woodland,68.72727272727272,,0.0020840659756666668,0.0020840659756666668,
2022-01-08,,Woodland,76.27272727272728,,,0.002089417512222222,
2022-01-09,,Woodland,83.81818181818181,,,0.002094769048777778,
2022-01-10,0.0021001205853333335,Woodland,91.36363636363637,,0.0021001205853333335,0.0021001205853333335,
2022-01-11,0.0019565321953333333,Woodland,98.9090909090909,,0.0019565321953333333,0.0019565321953333333,
2022-01-12,0.0017689684886666667,Woodland,106.45454545454545,,0.0017689684886666667,0.0017689684886666667,
2022-01-13,0.0749887658,Woodland,114.0,,0.0749887658,0.0749887658,114.0
2022-01-14,0.005650868626666666,Woodland,121.0,,0.005650868626666666,0.005650868626666666,121.0
2022-01-15,,Woodland,72.0,,,0.004405964792222222,72.0
2022-01-16,,Woodland,56.0,,,0.0031610609577777775,56.0
2022-01-17,0.0019161571233333333,Woodland,129.0,,0.0019161571233333333,0.0019161571233333333,129.0
2022-01-18,0.0018427694176666666,Woodland,150.0,,0.0018427694176666666,0.0018427694176666666,150.0
2022-01-19,0.002169932141666667,Woodland,106.0,,0.002169932141666667,0.002169932141666667,106.0
2022-01-20,0.0015448099106666667,Woodland,135.0,,0.0015448099106666667,0.0015448099106666667,135.0
2022-01-21,0.0016163467076666669,Woodland,92.0,,0.0016163467076666669,0.0016163467076666669,92.0
2022-01-22,,Woodland,53.0,,,0.0015634259370000002,53.0
2022-01-23,,Woodland,67.0,,,0.0015105051663333333,67.0
2022-01-24,0.0014575843956666666,Woodland,137.0,,0.0014575843956666666,0.0014575843956666666,137.0
2022-01-25,0.0015485183050000001,Woodland,85.0,,0.0015485183050000001,0.0015485183050000001,85.0
2022-01-26,0.0011608667273333333,Woodland,73.0,,0.0011608667273333333,0.0011608667273333333,73.0
2022-01-27,0.0019346151686666666,Woodland,63.0,,0.0019346151686666666,0.0019346151686666666,63.0
2022-01-28,0.0056845153999999995,Woodland,45.0,,0.0056845153999999995,0.0056845153999999995,45.0
2022-01-29,,Woodland,29.0,,,0.004028886616444444,29.0
2022-01-30,,Woodland,38.0,,,0.0023732578328888886,38.0
2022-01-31,0.0007176290493333333,Woodland,88.0,,0.0007176290493333333,0.0007176290493333333,88.0
2022-02-01,0.0005757437186666666,Woodland,62.0,,0.0005757437186666666,0.0005757437186666666,62.0
2022-02-02,0.0006882318143333334,Woodland,36.0,,0.0006882318143333334,0.0006882318143333334,36.0
2022-02-03,0.0009463304656666666,Woodland,33.63636363636363,,0.0009463304656666666,0.0009463304656666666,
2022-02-04,0.0005436565849999999,Woodland,31.272727272727273,,0.0005436565849999999,0.0005436565849999999,
2022-02-05,,Woodland,28.909090909090907,,,0.000494719414,
2022-02-06,,Woodland,26.545454545454547,,,0.000445782243,
2022-02-07,0.000396845072,Woodland,24.18181818181818,,0.000396845072,0.000396845072,
2022-02-08,0.00026708240570000005,Woodland,21.818181818181817,,0.00026708240570000005,0.00026708240570000005,
2022-02-09,0.0002625812901,Woodland,19.454545454545453,,0.0002625812901,0.0002625812901,
2022-02-10,0.00030547682956666666,Woodland,17.09090909090909,,0.00030547682956666666,0.00030547682956666666,
2022-02-11,0.00035871652433333334,Woodland,14.727272727272727,,0.00035871652433333334,0.00035871652433333334,
2022-02-12,,Woodland,12.363636363636363,,,0.00031253799066666664,
2022-02-13,,Woodland,10.0,,,0.000266359457,10.0
2022-02-14,0.00022018092333333332,Woodland,11.0,,0.00022018092333333332,0.00022018092333333332,11.0
2022-02-15,0.00020451688499999998,Woodland,3.0,,0.00020451688499999998,0.00020451688499999998,3.0
2022-02-16,0.00021962720303333333,Woodland,11.785714285714286,,0.00021962720303333333,0.00021962720303333333,
2022-02-17,0.00014541975126666667,Woodland,20.571428571428573,,0.00014541975126666667,0.00014541975126666667,
2022-02-18,0.00014199555133333333,Woodland,29.35714285714286,,0.00014199555133333333,0.00014199555133333333,
2022-02-19,,Woodland,38.142857142857146,,,0.00019353117799999998,
2022-02-20,,Woodland,46.92857142857143,,,0.0002450668046666667,
2022-02-21,,Woodland,55.71428571428572,,,0.00029660243133333334,
2022-02-22,0.000348138058,Woodland,64.5,,0.000348138058,0.000348138058,
2022-02-23,0.00011728123146666667,Woodland,73.28571428571429,,0.00011728123146666667,0.00011728123146666667,
2022-02-24,,Woodland,82.07142857142858,,,0.00013432981138333333,
2022-02-25,0.00015137839130000002,Woodland,90.85714285714286,,0.00015137839130000002,0.00015137839130000002,
2022-02-26,,Woodland,99.64285714285715,,,0.0001743804541888889,
2022-02-27,,Woodland,108.42857142857144,,,0.0001973825170777778,
2022-02-28,0.0002203845799666667,Woodland,117.21428571428572,,0.0002203845799666667,0.0002203845799666667,
2022-03-01,0.0001357276821333333,Woodland,126.0,,0.0001357276821333333,0.0001357276821333333,126.0
2022-03-02,3.244377e-05,Woodland,37.0,,3.244377e-05,3.244377e-05,37.0
2022-03-03,3.30499623e-05,Woodland,40.333333333333336,,3.30499623e-05,3.30499623e-05,
2022-03-04,5.805906323333333e-05,Woodland,43.666666666666664,,5.805906323333333e-05,5.805906323333333e-05,
2022-03-05,,Woodland,47.0,,,7.326538033333333e-05,
2022-03-06,,Woodland,50.333333333333336,,,8.847169743333334e-05,
2022-03-07,0.00010367801453333334,Woodland,53.66666666666667,,0.00010367801453333334,0.00010367801453333334,
2022-03-08,2.1055757100000003e-05,Woodland,57.0,,2.1055757100000003e-05,2.1055757100000003e-05,
2022-03-09,0.00011103089413333333,Woodland,60.333333333333336,,0.00011103089413333333,0.00011103089413333333,
2022-03-10,0.000145919846,Woodland,63.66666666666667,,0.000145919846,0.000145919846,
2022-03-11,7.891906533333334e-06,Woodland,67.0,,7.891906533333334e-06,7.891906533333334e-06,
2022-03-12,,Woodland,70.33333333333334,,,1.3023754144444447e-05,
2022-03-13,,Woodland,73.66666666666667,,,1.815560175555556e-05,
2022-03-14,2.328744936666667e-05,Woodland,77.0,,2.328744936666667e-05,2.328744936666667e-05,
2022-03-15,8.2785266e-05,Woodland,80.33333333333334,,8.2785266e-05,8.2785266e-05,
2022-03-16,6.658684786666666e-05,Woodland,83.66666666666667,,6.658684786666666e-05,6.658684786666666e-05,
2022-03-17,6.0184913466666666e-05,Woodland,87.0,,6.0184913466666666e-05,6.0184913466666666e-05,
2022-03-18,7.016673876666666e-05,Woodland,90.33333333333334,,7.016673876666666e-05,7.016673876666666e-05,
2022-03-19,,Woodland,93.66666666666667,,,6.031017636666666e-05,
2022-03-20,,Woodland,97.0,,,5.0453613966666664e-05,
2022-03-21,4.0597051566666665e-05,Woodland,100.33333333333334,,4.0597051566666665e-05,4.0597051566666665e-05,
2022-03-22,4.742878523333333e-05,Woodland,103.66666666666667,,4.742878523333333e-05,4.742878523333333e-05,
2022-03-23,4.9199006300000006e-05,Woodland,107.0,,4.9199006300000006e-05,4.9199006300000006e-05,
2022-03-24,4.8284969966666666e-05,Woodland,110.33333333333334,,4.8284969966666666e-05,4.8284969966666666e-05,
2022-03-25,3.735598516666667e-05,Woodland,113.66666666666667,,3.735598516666667e-05,3.735598516666667e-05,
2022-03-26,,Woodland,117.0,,,4.2752394122222224e-05,
2022-03-27,,Woodland,120.33333333333334,,,4.8148803077777774e-05,
2022-03-28,5.354521203333333e-05,Woodland,123.66666666666667,,5.354521203333333e-05,5.354521203333333e-05,
2022-03-29,5.565692683333334e-05,Woodland,127.0,,5.565692683333334e-05,5.565692683333334e-05,
2022-03-30,4.453923426666667e-05,Woodland,130.33333333333334,,4.453923426666667e-05,4.453923426666667e-05,
2022-03-31,3.3460899066666664e-05,Woodland,133.66666666666669,,3.3460899066666664e-05,3.3460899066666664e-05,
2022-04-01,3.862016856666667e-05,Woodland,137.0,,3.862016856666667e-05,3.862016856666667e-05,137.0
2022-04-02,,Woodland,32.0,,,3.291946603333333e-05,32.0
2022-04-03,,Woodland,35.41379310344828,,,2.72187635e-05,
2022-04-04,2.1518060966666668e-05,Woodland,38.827586206896555,,2.1518060966666668e-05,2.1518060966666668e-05,
2022-04-05,5.5284682200000003e-05,Woodland,42.241379310344826,,5.5284682200000003e-05,5.5284682200000003e-05,
2022-04-06,6.608197223333333e-05,Woodland,45.6551724137931,,6.608197223333333e-05,6.608197223333333e-05,
2022-04-07,2.4811698966666667e-05,Woodland,49.06896551724138,,2.4811698966666667e-05,2.4811698966666667e-05,
2022-04-08,2.994115e-05,Woodland,52.48275862068965,,2.994115e-05,2.994115e-05,
2022-04-09,,Woodland,55.89655172413793,,,2.2825894844444443e-05,
2022-04-10,,Woodland,59.310344827586206,,,1.5710639688888886e-05,
2022-04-11,8.595384533333333e-06,Woodland,62.724137931034484,,8.595384533333333e-06,8.595384533333333e-06,
2022-04-12,1.0434997333333332e-05,Woodland,66.13793103448276,,1.0434997333333332e-05,1.0434997333333332e-05,
2022-04-13,9.732598600000001e-05,Woodland,69.55172413793103,,9.732598600000001e-05,9.732598600000001e-05,
2022-04-14,4.05454911e-05,Woodland,72.9655172413793,,4.05454911e-05,4.05454911e-05,
2022-04-15,0.00011075549766666667,Woodland,76.37931034482759,,0.00011075549766666667,0.00011075549766666667,
2022-04-16,,Woodland,79.79310344827586,,,0.00010183742437777779,
2022-04-17,,Woodland,83.20689655172413,,,9.291935108888889e-05,
2022-04-18,8.40012778e-05,Woodland,86.62068965517241,,8.40012778e-05,8.40012778e-05,
2022-04-19,,Woodland,90.0344827586207,,,7.816376653333334e-05,
2022-04-20,7.232625526666668e-05,Woodland,93.44827586206897,,7.232625526666668e-05,7.232625526666668e-05,
2022-04-21,6.224086239999999e-05,Woodland,96.86206896551724,,6.224086239999999e-05,6.224086239999999e-05,
2022-04-22,0.00014664820753333333,Woodland,100.27586206896552,,0.00014664820753333333,0.00014664820753333333,
2022-04-23,,Woodland,103.6896551724138,,,0.00023765701302222225,
2022-04-24,,Woodland,107.10344827586206,,,0.0003286658185111111,
2022-04-25,0.00041967462400000003,Woodland,110.51724137931035,,0.00041967462400000003,0.00041967462400000003,
2022-04-26,,Woodland,113.93103448275862,,,0.00032703213736666665,
2022-04-27,0.00023438965073333332,Woodland,117.34482758620689,,0.00023438965073333332,0.00023438965073333332,
2022-04-28,0.00015252102939999998,Woodland,120.75862068965517,,0.00015252102939999998,0.00015252102939999998,
2022-04-29,6.51336841e-05,Woodland,124.17241379310344,,6.51336841e-05,6.51336841e-05,
2022-04-30,,Woodland,127.58620689655172,,,9.607548924444445e-05,
2022-05-01,,Woodland,131.0,,,0.0001270172943888889,131.0
2022-05-02,0.00015795909953333334,Woodland,30.0,,0.00015795909953333334,0.00015795909953333334,30.0
2022-05-03,0.00028445725303333333,Woodland,32.9,,0.00028445725303333333,0.00028445725303333333,
2022-05-04,0.0002497418351,Woodland,35.8,,0.0002497418351,0.0002497418351,
2022-05-05,0.0003036146438,Woodland,38.7,,0.0003036146438,0.0003036146438,
2022-05-06,2.42483154e-05,Woodland,41.6,,2.42483154e-05,2.42483154e-05,
2022-05-07,,Woodland,44.5,,,0.00013102344696666666,
2022-05-08,,Woodland,47.4,,,0.00023779857853333333,
2022-05-09,,Woodland,50.3,,,0.0003445737101,
2022-05-10,0.00045134884166666666,Woodland,53.2,,0.00045134884166666666,0.00045134884166666666,
2022-05-11,0.000469357445,Woodland,56.099999999999994,,0.000469357445,0.000469357445,
2022-05-12,0.0005018442723333333,Woodland,59.0,,0.0005018442723333333,0.0005018442723333333,
2022-05-13,0.0001263776077,Woodland,61.9,,0.0001263776077,0.0001263776077,
2022-05-14,,Woodland,64.8,,,0.00031341927502222223,
2022-05-15,,Woodland,67.69999999999999,,,0.0005004609423444444,
2022-05-16,0.0006875026096666668,Woodland,70.6,,0.0006875026096666668,0.0006875026096666668,
2022-05-17,0.0004784428713333333,Woodland,73.5,,0.0004784428713333333,0.0004784428713333333,
2022-05-18,0.000432569444,Woodland,76.4,,0.000432569444,0.000432569444,
2022-05-19,0.0020075764933333335,Woodland,79.3,,0.0020075764933333335,0.0020075764933333335,
2022-05-20,0.0006816308176666666,Woodland,82.19999999999999,,0.0006816308176666666,0.0006816308176666666,
2022-05-21,,Woodland,85.1,,,0.0007109405109166666,
2022-05-22,,Woodland,88.0,,,0.0007402502041666667,
2022-05-23,,Woodland,90.9,,,0.0007695598974166668,
2022-05-24,0.0007988695906666667,Woodland,93.8,,0.0007988695906666667,0.0007988695906666667,
2022-05-25,0.0006117971603333333,Woodland,96.7,,0.0006117971603333333,0.0006117971603333333,
2022-05-26,0.0007533074156666667,Woodland,99.6,,0.0007533074156666667,0.0007533074156666667,
2022-05-27,0.00019004843376666666,Woodland,102.5,,0.00019004843376666666,0.00019004843376666666,
2022-05-28,,Woodland,105.39999999999999,,,0.00018548173068,
2022-05-29,,Woodland,108.3,,,0.00018091502759333332,
2022-05-30,,Woodland,111.2,,,0.00017634832450666665,
2022-05-31,,Woodland,114.1,,,0.00017178162141999999,
2022-06-01,0.00016721491833333332,Woodland,117.0,,0.00016721491833333332,0.00016721491833333332,117.0
2022-06-02,0.00020615903123333333,Woodland,26.0,,0.00020615903123333333,0.00020615903123333333,26.0
2022-06-03,0.00033962027900000003,Woodland,26.0,,0.00033962027900000003,0.00033962027900000003,
2022-06-04,,Woodland,26.0,,,0.0005556620405555556,
2022-06-05,,Woodland,26.0,,,0.0007717038021111111,
2022-06-06,0.0009877455636666667,Woodland,26.0,,0.0009877455636666667,0.0009877455636666667,
2022-06-07,0.00038399395033333336,Woodland,26.0,,0.00038399395033333336,0.00038399395033333336,
2022-06-08,0.0002718263308,Woodland,26.0,,0.0002718263308,0.0002718263308,
2022-06-09,0.00018219995196666668,Woodland,26.0,,0.00018219995196666668,0.00018219995196666668,
2022-06-10,0.00042813458400000004,Woodland,26.0,,0.00042813458400000004,0.00042813458400000004,
2022-06-11,,Woodland,26.0,,,0.0005470713981111111,
2022-06-12,,Woodland,26.0,,,0.0006660082122222223,
2022-06-13,0.0007849450263333333,Woodland,26.0,,0.0007849450263333333,0.0007849450263333333,
2022-06-14,0.0003970398636666667,Woodland,26.0,,0.0003970398636666667,0.0003970398636666667,
2022-06-15,0.0010182878193333335,Woodland,26.0,,0.0010182878193333335,0.0010182878193333335,
2022-06-16,0.0009796165436666666,Woodland,26.0,,0.0009796165436666666,0.0009796165436666666,
2022-06-17,,Woodland,26.0,,,0.0009875525458666666,
2022-06-18,,Woodland,26.0,,,0.0009954885480666666,
2022-06-19,,Woodland,26.0,,,0.0010034245502666666,
2022-06-20,,Woodland,26.0,,,0.0010113605524666666,
2022-06-21,0.0010192965546666666,Woodland,26.0,,0.0010192965546666666,0.0010192965546666666,
2022-06-22,0.0009212086546666667,Woodland,26.0,,0.0009212086546666667,0.0009212086546666667,
2022-06-23,0.0010838554333333335,Woodland,26.0,,0.0010838554333333335,0.0010838554333333335,
